{
  "title": "pepe",
  "time": 1,
  "questions": [
    {
      "text": "11",
      "options": [
        "esdrftgyhj",
        "rdfghj",
        "ertyuh",
        "ertyghujk"
      ],
      "correct": "A"
    },
    {
      "text": "wsedrftgyhuj",
      "options": [
        "wdftghnj",
        "dfghnm",
        "fghjk",
        "dfghjk"
      ],
      "correct": "B"
    },
    {
      "text": "omg",
      "options": [
        "gg",
        "rdfgh",
        "werdfghb",
        "wertg"
      ],
      "correct": "D"
    },
    {
      "text": "am sos sorry",
      "options": [
        "78",
        "55",
        "532",
        "55"
      ],
      "correct": "D"
    },
    {
      "text": "7+7",
      "options": [
        "14",
        "15",
        "16",
        "17"
      ],
      "correct": "A"
    },
    {
      "text": "boy",
      "options": [
        "dfgh",
        "dfgh",
        "rtgfvb",
        "ujhn"
      ],
      "correct": "A"
    },
    {
      "text": "bb",
      "options": [
        "sdfgh",
        "sfgh",
        "khj",
        "ikjhbv"
      ],
      "correct": "A"
    },
    {
      "text": "gg",
      "options": [
        "gnbsmn",
        "oilkjhnb",
        "htgbn",
        "gbv "
      ],
      "correct": "D"
    },
    {
      "text": "bagii",
      "options": [
        "dfgh",
        "hngv",
        "ghb d",
        "jmnb ds"
      ],
      "correct": "B"
    },
    {
      "text": "sdfg",
      "options": [
        "fgh",
        "gfh",
        ",jhg",
        "lkjh"
      ],
      "correct": "B"
    }
  ],
  "grade": "11",
  "section": "B"
}